{"cameraMode":{"drawMode":0,"name":"Shaded","section":"Shading Mode"},"sceneLighting":false,"audioPlay":false,"sceneViewState":{"showFog":true,"showMaterialUpdate":true,"showSkybox":false,"showFlares":true,"showImageEffects":true,"showParticleSystems":true},"in2DMode":false,"pivot":{"x":-8.896913528442383,"y":-6.935705661773682,"z":-14.338949203491211},"rotation":{"x":0.09932436794042587,"y":-0.8807833790779114,"z":0.21274390816688538,"w":0.41121363639831545},"size":20.705514907836915,"orthographic":false}